mutant_id,activity
R74W_A101N_L148T_S173V,0.12171
R74F_L148Y_S173F_Q176W,0.01621
R74A_Q143K_L148I_S173A_Q176A,0.8998
R74T_L148T_S173T,1.00004
R74A_L148H_S173R,0.28318
Q143R_L148E_S173L_Q176A,1.27704
R74M_L148Q_S173C,0.94185
L148K_S173T,3.58494
R74T_L148H_S173T,2.07085
R74V_Q143R_L148C_Q176A,0.94494
R74P_L148I_S173A,1.17382
R74I_A101W_L148F_S173R,0.17638
A101V_L148R_S173K,1.92693
R74D_A101C_Q143D_L148T_S173L_Q176N,0.24481
R74Q_A101G_Q143Y_L148Q_S173T_Q176E,0.06473
L148Q,2.12563
R74L_L148D_S173L,1.36812
R74E_A101H_L148G,0.12447
R74T_Q143M_S173F_Q176S,0.00551
R74T_L148R_S173T,1.87758
R74P_L148A_S173T,1.72352
R74A_L148D_S173V,0.0777
A101K_Q143K,0.01066
R74T_L148T_S173R,0.2904
R74P_L148I_S173I,1.12384
L148D_S173K,0.21978
R74F_Q143L_L148Y_Q176W,0.04451
R74T_Q143W_S173F_Q176R,0.23543
R74A_A101H_Q143W_L148N_S173R_Q176A,0.38574
R74G_A101V_L148M_S173E,0.09955
R74A_A101M_L148C_S173K_Q176L,2.65053
R74D_A101D_Q143A_L148E_S173R_Q176I,0.00897
R74K_A101Q_L148C_S173A,0.59723
R74G_L148H_S173W,0.09145
R74A_A101W_L148R_S173G,0.69576
R74A_A101M_Q143F_L148C_S173K,2.91187
R74A_Q143E_L148T_S173L,0.00805
R74P_L148H_S173L,2.42638
S173Y,0.56977
Q143K_L148C_S173R_Q176A,1.79658
R74P_L148I_S173M,2.35045
R74V_A101R_S173L,0.03211
R74A_A101M_Q143A_L148C_S173T,2.57284
R74S_L148K_S173R,1.1677
R74N_A101L_L148E_S173D,0.07243
R74E_L148Q_S173A,1.87982
R74G,0.64575
R74A_A101V_L148V_S173T,2.97107
R74A_L148C_S173R_Q176A,1.86999
R74A_A101F_L148W_S173Q,0.05756
R74V_L148Q_S173L,1.3175
R74Y_A101H_L148W_S173F,0.09402
R74N_L148Q_S173R,2.54506
R74Q_L148Q_S173C,2.85631
R74C_A101P_S173T,0.08084
R74P_L148N_S173T,5.56037
R74A_Q143Y_L148C_S173L_Q176A,0.60121
R74C_A101G_L148I_S173W,0.08702
R74A_A101T_L148I_S173C,1.66544
R74A_Q143S_L148Q_S173T,2.44702
R74V_A101L_L148S_S173F,0.14878
R74T_Q143M_L148M_S173E_Q176A,0.03102
R74Q_A101Y_L148G_S173D,0.08352
R74H_Q143Y_S173L_Q176A,0.84737
R74A_Q143Y_L148Q_S173K_Q176K,0.00252
R74G_A101T_L148E_S173Y,0.08625
R74A_A101M_Q143E_L148C_S173T,3.87964
R74A_A101M_Q143N_L148T_S173L,3.1889
R74A_A101H_Q143A_L148T_S173R_Q176A,0.78062
R74A_A101H_Q143T_L148V_S173R_Q176A,0.5559
R74P_L148K_S173V,1.01524
R74H_A101W_L148M_S173G,0.18176
Q143Y_L148D_S173L_Q176A,1.53142
R74I_A101Q_L148W_S173K,1.03031
R74F_A101P_L148R_S173Y,0.0725
R74C_A101D_Q143P_L148C_S173D_Q176W,0.00239
R74C_Q143C_L148C_S173W_Q176A,0.20548
R74H_Q143V_S173C_Q176A,1.21158
Q176F,0.38875
R74V_A101R_L148R_S173I,0.00865
R74Y_A101S_L148I_S173N,0.15109
R74Y_Q143M_L148W_S173Q_Q176W,0.01652
L148I,3.078
R74A_A101M_L148T_S173L_Q176K,0.48258
R74T_L148M_S173C,0.76067
R74A_Q143R_L148R_S173K_Q176K,0.71736
R74A_Q143K_L148C_S173R_Q176A,1.49671
R74A_L148F_S173A,0.33383
R74T_L148K_S173R,1.26922
A101M_S173Y,3.13895
R74K_A101V_L148Q_S173C,2.16117
R74A_A101M_Q143T_L148C_S173K,1.8075
R74A_Q143I_L148C_S173T_Q176K,1.05661
R74W_A101W_L148Q_S173T,0.21112
R74E_A101F_L148T_S173P,0.11745
R74P_L148N_S173K,1.83824
R74G_A101L_L148C_S173Y,0.14935
R74V,0.54315
R74D_A101Q_L148G_S173L,0.39577
R74V_A101K_S173I,0.02094
R74L_L148A_S173C,1.38572
R74P_A101P_L148V_S173G,0.09319
A101E_L148G_S173A_Q176H,0.19562
R74H_Q143Y_S173K_Q176A,0.50092
R74T_L148T_S173Q,2.24141
Q143A,1.8654
R74T_A101V_L148V_S173H,0.2116
R74T_A101N_L148I_S173R,0.25658
R74T_A101V_L148C_S173T,1.25705
R74A_A101H_Q143I_L148T_S173R_Q176A,0.69699
R74H_L148N_S173L,1.67899
R74A_A101H_Q143S_L148W_S173R_Q176A,0.8075
R74C_A101L_L148V_S173Y,0.13862
R74W_L148K_S173L,0.9606
R74H_L148T_S173L,3.81294
R74S_A101R_L148K_S173M,0.11103
R74A_A101M_Q143F_L148C_S173T,1.55434
R74A_L148C,1.64818
R74Q_L148N_S173R,1.07293
R74A_A101M_Q143K_L148C_S173L,0.66944
A101T_L148R_S173Y,0.11016
R74A_L148C_S173I,1.30032
R74A_L148N_S173W,0.08169
R74T_A101F_L148N_S173F,0.08217
R74N_L148K_S173C,1.28008
R74F_Q143K_S173K_Q176S,1.51541
R74A_L148T_S173L_Q176L,2.65186
A101M_L148F_S173K,2.65363
R74A_A101M_Q143K_L148Q_S173L,0.98056
R74I_A101K_L148R_S173L,0.04073
R74A_A101M_Q143N_L148Q_S173T,4.03289
Q143E_L148C_Q176C,0.07447
A101W_S173W,0.1007
R74Y_A101H_L148N_S173P,0.11522
R74A_Q143R_L148C_Q176A,1.33484
A101R_Q143E_L148G_S173G_Q176K,0.00371
R74E_A101E_Q143D_S173M_Q176E,0.0
R74N_A101G_L148E_S173F,0.08418
R74A_A101H_Q143W_L148W_S173R_Q176A,0.25574
R74F_A101R_L148I_S173I,0.00746
Q143R_L148C_S173A_Q176A,1.29642
R74A_L148S_S173V,1.18232
Q143R_L148C_S173A,1.23156
R74H_L148K_S173P,0.05893
R74I_A101K_L148I_S173F,0.00977
R74Y_Q143W_S173F,0.05173
R74G_A101T_L148Q_S173E,0.09922
R74K_A101H_L148R_S173L,0.11603
R74A_Q143K_L148I_Q176A,1.20515
R74A_Q143R_L148C_S173T_Q176H,1.11578
R74P_L148R_S173C,1.76002
R74T_A101R_L148G_S173Y,0.07259
R74P_L148C_S173Q,0.23839
R74K_A101K_Q143E_L148G_S173G_Q176K,0.00351
R74K_L148K_S173V,1.1496
R74V_A101R_L148R_S173F,0.00451
R74K_A101P_L148W_S173V,0.07476
R74A_A101L_S173A,0.15695
R74A_A101W_L148C_S173L,0.08425
L148Y_S173T,1.29839
R74P_L148M_S173C,2.8337
R74N_A101C_L148S_S173A,1.24585
R74A_L148T,1.00074
R74F_Q176K,2.32178
R74Y_A101Y_L148D_S173W,0.07574
R74T_A101V_L148R_S173I,1.07818
R74F_A101M,4.02996
R74N_A101M_L148F_S173W,0.08038
R74K_A101L_Q176K,1.41967
R74L_A101K_L148D_S173W,0.05838
R74F_A101T_L148A_S173I,0.45717
R74D_L148C_S173I,0.85653
R74H_A101S_L148H_S173P,0.0803
R74N_A101V_L148Q_S173P,0.23023
R74A_A101H_Q143Y_L148P_S173R_Q176A,1.41518
R74S_A101M_L148A_S173R,0.96617
R74G_A101R_L148T_S173T,0.33852
R74A_Q143Y_L148C_S173T_Q176A,0.86767
R74H_A101R_Q143E_L148G_S173A_Q176R,0.00546
R74A_A101H_Q143F_L148W_S173R_Q176A,0.29969
R74Q_L148D_S173R,0.81599
R74A_L148G_S173M,1.33524
R74H_A101E_L148G_S173G_Q176K,0.07166
R74T_A101E_L148Q_S173L,0.71114
R74K_A101W_L148M_S173L,0.20284
R74T_L148H_S173Q,0.50534
R74K_A101V_S173A,2.47804
R74G_L148I_S173C,1.61127
R74I_A101D_L148Q_S173E,0.05481
R74M_A101Q_L148D_S173E,0.07008
R74T_A101E_L148T_S173T,0.12072
R74P_S173L,2.0723
R74I_A101R_L148V_S173L,0.04859
R74H_L148A_S173K,1.66963
R74K_L148N_S173R,1.89746
R74H_A101K_Q143D_L148G_S173A_Q176H,0.00273
R74A_Q143R_L148I_S173K_Q176K,0.69653
Q143K_L148D_S173R_Q176A,2.14122
R74A_Q143T_S173C_Q176A,1.89566
R74T_Q143W_L148F_S173E_Q176W,0.00155
A101L,0.96976
A101M_L148R_S173I,0.35324
R74G_A101I_L148Y_S173Y,0.15824
A101I_L148H_S173E,0.08295
R74P_L148G_S173T,1.19976
R74A_Q143R_L148C_S173L_Q176K,0.51799
R74L,7.78772
R74A_A101H_Q143D_L148W_S173R_Q176A,0.48248
A101Y_S173W,0.07197
R74A_Q143R_L148V_S173T_Q176K,0.60322
R74T_A101G_L148I_S173K,1.96441
R74L_A101F_L148W_S173K,0.13186
R74H_L148C_S173M,0.73602
R74A_A101H_Q143A_S173R_Q176A,0.65262
Q143T_L148R_S173C_Q176A,2.12211
R74Q_L148R_S173C,1.10052
R74T_L148Q_S173K,3.80397
R74P_L148R_S173T,2.16422
R74A_Q143R_L148T_S173T_Q176K,0.00218
R74S_A101P_L148W_S173M,0.08653
R74S_L148I_S173A,1.47277
R74V_A101K_L148R_S173I,0.02164
R74Q,0.7839
R74A_A101V_L148D_S173T,0.64413
R74P_L148Q_S173R,2.19105
R74A_Q143R_L148C_S173L,0.80053
R74F_Q143L_S173K_Q176R,0.26282
R74V_A101P_S173G,0.08284
R74Y_A101K,0.00657
R74A_Q143C_L148C_S173T,2.10197
R74A_L148R_S173L,2.0565
R74P_L148I_S173L,2.82582
R74H_L148E_S173T,1.38546
R74M_L148E_S173R,0.72297
R74S_L148D_S173T,0.37358
R74S_L148D_S173L,1.63063
R74A_L148N_S173F,0.58825
A101W_Q143K,1.11114
R74A_A101M_Q143D_L148Q_S173L,2.35714
R74T_Q143M_L148M_S173F_Q176W,0.06735
R74T_A101R_L148V_S173Y,0.09945
Q143K_L148V_S173R_Q176A,2.08021
R74Q_L148E_S173T,1.2648
R74H_L148A_S173L,1.63071
R74S_A101L_L148V_S173D,0.08672
R74L_L148C_S173L,0.55549
R74A_Q143R_L148C_S173T_Q176T,1.27879
R74T_L148K_S173T,2.58288
R74A_Q143R_L148A_S173T_Q176K,0.6588
R74F_Q143W_S173T_Q176S,0.1956
R74S_A101G_L148Q_S173D,0.08424
L148C_S173T,1.48645
R74L_A101H_L148R_S173G,0.18304
R74I_A101Q_L148S_S173A,0.47287
R74N_L148Q_S173M,1.2923
A101K_Q143D_L148G_S173A_Q176K,0.00379
R74A_Q143R_L148D_S173K_Q176K,0.97828
Q143T_L148V_S173C_Q176A,2.15134
R74W_A101G_L148V_S173H,0.13478
R74T_Q143R_L148S_S173A_Q176C,1.18976
R74G_A101S_L148N_S173K,0.6398
R74P_L148R_S173L,1.14381
R74A_Q143R_L148C_S173T_Q176G,1.2735
R74M_L148S_S173T,2.0493
Q143K_L148C_S173L_Q176A,1.49904
R74A_L148K_S173A,1.84404
R74P_L148A_S173C,1.77845
R74A_A101M_Q143D_L148T_S173L,4.68074
R74L_A101Q_L148P_S173R,0.42172
R74W_A101Y_L148Q_S173N,0.09682
L148I_S173T,1.21856
R74F_L148Q_S173R,0.90638
R74A_L148A_S173T,2.54043
R74T_A101T_L148W,0.0805
Q176H,0.96334
R74H_A101E_L148G_S173V_Q176K,0.0003
R74Y_Q143M_L148F_Q176R,0.26218
R74P_L148K_S173R,1.36142
R74A_Q143K_L148C_S173A_Q176K,0.90629
R74M_Q143R_L148C_S173A_Q176A,0.50079
R74A_Q143R_Q176K,1.12661
R74I_A101Q_L148D_S173L,0.38488
R74Y_Q143M_L148W_S173A,0.2829
R74L_A101R_L148V_S173V,0.01688
R74H_A101D_Q143N_L148G_S173A_Q176K,0.01094
R74A_A101H_L148C_S173F,0.08464
R74K_A101V_L148S_S173L,0.4606
R74A_A101H_Q143K_L148V_S173R_Q176A,0.6792
R74I_L148A_S173C,0.81293
R74Q_A101D_Q143A_L148Q_S173E_Q176S,0.0048
R74H_A101R_Q143E_L148A_S173G_Q176K,0.00316
R74P_A101M_L148S_S173G,0.66079
R74T_L148I_S173R,2.01525
R74A_Q143R_L148C_S173C_Q176K,0.7199
R74M_L148G_S173R,1.88045
R74K_A101E_Q143D_L148G_S173G_Q176K,0.00215
L148E_S173T,0.85827
R74A_L148C_S173Q,0.94793
R74Y_A101L_Q176K,1.68632
R74T_A101F_L148I_S173T,0.1129
R74W_L148K_S173A,0.9591
R74H_Q143K_S173R_Q176A,1.43461
A101V_Q143C_L148Q_S173T_Q176W,0.5792
R74K_A101S_L148D_S173Y,0.14022
R74T_A101R_L148Q_S173N,0.09858
R74A_L148R_S173M,3.42817
R74K_A101Q_L148D_S173Y,0.16722
R74A_A101H_Q143F_L148A_S173R_Q176A,0.60738
R74N_L148E_S173T,1.53578
A101M_L148C,1.36496
R74V_L148K_S173C,1.23392
R74H_A101E_Q143D_L148G_S173G_Q176K,0.01119
R74N,2.5161
R74L_L148Q_S173T,2.22605
R74A_L148D_S173R,1.65786
R74N_L148E_S173C,1.24836
R74A_A101M_L148C_S173T_Q176K,1.63832
R74M_L148M_S173K,0.65374
R74A_L148C_S173F,1.24807
L148E_S173C,0.66376
R74A_L148I_S173K,2.97442
A101E_L148G_S173G_Q176R,0.03746
R74H_L148R_S173L,1.16892
R74D_A101F_L148T_S173P,0.07585
R74N_L148A_S173M,1.37742
R74S_L148N_S173M,2.49534
R74C_A101C_Q143A_L148D_S173L_Q176F,1.81994
R74A_A101H_Q143Y_L148Q_S173R_Q176A,0.58421
R74S_L148Q_S173L,3.55304
R74T_L148K_S173C,2.1496
R74Q_L148A_S173R,0.9129
R74T_S173T,2.89024
R74N_L148A_S173L,1.36809
R74Y_A101C_L148A_S173R,1.20266
R74T_A101V_Q143Y_L148T_S173T,1.35108
R74K_Q143Y_S173R_Q176A,1.33595
R74V_A101Q_L148Y_S173R,1.75833
R74G_L148K_S173A,1.67296
R74A_A101P_L148K_S173T,0.48183
R74F_Q143L_S173R,0.00357
R74W_A101T_L148I_S173N,0.09895
R74A_Q143R_L148Q_S173M_Q176K,0.63431
R74V_A101R_L148F_S173I,0.00625
R74Y_A101V_L148H_S173T,0.28772
R74A_L148V_S173T,3.72808
L148A_S173L,1.57723
R74F_Q143A_L148M_S173K,1.20922
R74A_L148M_S173A,2.35591
R74P_L148H_S173C,1.26732
R74A_L148Q_S173K,3.06684
R74A_A101H_Q143Y_L148D_S173R_Q176A,0.58309
R74A_A101H_Q143W_L148A_S173R_Q176A,0.5174
R74T_L148V,2.41668
R74D,1.8663
R74A_A101H_Q143N_L148V_S173R_Q176A,0.79352
R74V_A101N_L148P_S173Q,0.07672
R74D_A101C_L148I_S173A,1.53867
R74F,1.27406
R74T_L148M_S173L,1.59158
R74A_L148Y_S173M,1.9661
R74A_L148T_S173C,2.33964
R74T_L148R_S173A,1.21293
R74P_A101L_L148K_S173G,0.27718
R74S_L148Q_S173T,4.55626
R74Q_L148K_S173M,4.34824
R74S_L148V_S173L,0.33523
R74A_A101H_Q143G_L148W_S173R_Q176A,0.74294
R74L_A101N_L148Y_S173M,0.20022
R74A_A101M_Q143F_L148T_S173L,3.61368
R74A_Q143R_L148R_S173T_Q176K,0.66515
R74A_A101H_Q143Y_L148H_S173R_Q176A,0.55826
R74A_L148Q_S173I,2.45592
R74P_A101Y_L148Q_S173M,0.56857
R74I_A101R_L148K_S173I,0.01244
R74I_A101K_S173I,0.00367
R74D_A101Q_L148D_S173F,0.13579
R74A_Q143K_L148C_S173A_Q176A,1.12307
R74A_L148K_S173M,1.37984
R74Y_L148T_S173T,1.53258
R74T_Q143W_L148T_S173L_Q176Y,0.48289
R74I_A101R_L148R_S173I,0.01106
A101Y_S173Y,0.0912
R74A_A101M_L148C_S173K,2.24698
R74G_L148K_S173K,1.72703
R74N_A101R_L148V_S173C,0.10037
R74T_A101Q_L148Q_S173R,0.84351
R74A_A101M_Q143K_L148T_S173L,0.59098
R74A_A101I_L148R_S173T,2.93112
R74K_A101D_L148F_S173V,0.06972
L148H_S173T,1.47847
R74Y_A101V_L148V_S173Y,0.08786
R74F_A101H_L148T_S173W,0.08634
R74A_L148I_S173R,2.31187
R74Y_Q143W_L148M_S173K_Q176E,0.17945
R74F_Q143M_S173A_Q176D,0.60937
R74A_L148E_S173I,1.9116
R74P_Q143R_L148C_S173L_Q176K,0.66738
R74A_A101D_L148F_S173G,0.10397
R74A_Q143R_L148C_S173L_Q176R,0.00345
R74K_L148Q_S173L,1.69225
Q143K_L148E_S173L_Q176A,1.49342
A101S_L148Y_S173E,0.10016
R74Q_L148K_S173L,1.62518
R74A_Q143V_L148A_S173A_Q176T,0.92439
S173D,0.20167
R74H_A101I_L148R_S173V,1.26289
Q143R_Q176A,1.65222
A101N,0.15412
R74P_L148T_S173A,0.86215
R74H_A101R_Q143E_L148A_S173G_Q176R,0.0
R74T_L148K_S173L,1.45545
R74A_L148V_S173A,1.44476
R74D_A101K_L148E_S173F,0.05577
R74A_A101H_Q143C_L148Q_S173R_Q176A,0.69086
R74Y_A101G_L148Q_S173P,0.09347
Q176E,0.47829
L148I_S173L,1.9153
R74H_A101K_Q143K_L148G_S173G_Q176H,0.00252
R74Y_Q143M_L148F_S173Q,0.08624
R74A_A101M_Q143D_L148C_S173K,0.00847
Q143R_L148R_S173L_Q176A,1.09886
R74P_L148T_S173T,2.51799
R74A_Q143R_L148C_S173L_Q176A,0.60215
Q143K_L148K_S173R_Q176A,2.1018
R74T_Q143R_L148C_S173K_Q176K,1.01565
R74I_A101P_L148C_S173R,0.04988
R74Y_S173W,0.06287
R74P_Q143R_L148C_S173K_Q176A,0.00274
R74Y_Q143M_L148M_S173K_Q176W,0.26654
R74A_A101H_Q143E_L148W_S173R_Q176A,0.81497
R74T_L148M_S173V,1.18105
R74M_A101I_L148A_S173R,1.17248
R74A_A101H_L148H_S173R_Q176A,0.83833
R74A_Q143R_L148C_S173K_Q176A,1.0526
R74S_A101E_L148H_S173K,0.2151
R74Q_A101T_L148K_S173V,0.32663
A101D_Q143N_L148G_S173A_Q176K,0.00366
R74M_L148D,1.83263
R74H_A101K_Q143E_L148G_S173A_Q176H,0.00307
R74A_Q143R_L148M_S173K_Q176K,0.99034
R74T_L148F_S173R,3.05936
R74F_L148T_S173F,0.12697
R74Y_Q143M_L148M_Q176A,0.63844
R74T_L148V_S173L,1.03216
S173R,3.71237
A101S,1.13092
R74A_L148C_S173T,4.09698
R74T_L148S_S173L,3.22696
A101F_L148M_S173C,0.1147
L148K,2.9316
R74G_L148D_S173T,0.2828
R74E_L148K_S173A,1.66067
A101L_L148A,0.57264
R74D_A101E_Q143A_L148C_S173R_Q176E,0.09152
R74Q_L148C_S173C,1.09988
R74H,1.23854
R74Q_L148G_S173L,0.64484
R74Q_A101P_L148P_S173Q,0.0778
R74G_A101S_L148D_S173M,0.30588
R74C_L148A_S173Q,1.24783
R74A_Q143D_L148Q_S173T,0.95703
L148A,3.38707
R74L_A101K_L148V_S173I,0.02848
R74Q_L148R_S173R,1.05884
R74I_L148S_S173R,1.5216
R74H_A101Q_L148K_S173M,0.41308
R74L_L148K_S173C,1.61461
R74P_L148K_S173A,1.2816
R74V_A101Q_L148N_S173D,0.08866
R74E_A101D_Q143E_L148E_S173V_Q176A,0.02842
R74A_A101H_Q143I_L148I_S173R_Q176A,0.34618
R74V_A101W_L148D_S173H,1.71418
R74T_A101P_L148I_S173Y,0.0593
R74K_A101K_Q143E_L148G_S173G_Q176H,0.00721
R74A_A101H_Q143D_L148V_S173R_Q176A,0.72395
Q143K_L148I_S173L_Q176A,1.0296
R74V_L148E_S173L,1.59876
R74A_L148M_S173L,2.89476
R74Q_L148T_S173R,1.53982
R74Q_L148Y_S173T,0.32747
A101I_Q143K_Q176K,4.13705
R74N_Q143M_L148F_S173R_Q176K,0.30683
R74V_A101H_L148C_S173A,0.16422
R74N_L148C_S173T,0.94169
R74P_Q143F_L148C_Q176E,0.09807
R74N_S173L,1.70182
R74T_A101D_L148C_S173Y,0.09028
R74P_A101E_Q143F_L148C_S173E_Q176D,0.00422
R74H_A101V_L148K_S173G,0.17035
R74V_A101M_L148A_S173Q,0.23692
R74H_A101D_L148G_S173G_Q176R,0.00223
L148T,2.46746
R74F_Q143L_S173T,0.6075
Q176M,0.1181
R74A_L148Y_S173I,4.22037
R74A_A101D_Q143N_L148V_S173A_Q176A,0.0273
Q143R_L148C_Q176A,1.67018
R74L_L148R_S173C,1.28753
R74A_Q143R_L148Q_S173T_Q176A,0.91426
R74A_A101H_Q143A_L148F_S173R_Q176A,0.53437
R74P_L148A_S173W,0.08436
R74A_A101H_Q143F_L148I_S173R_Q176A,0.57478
R74H_A101E_L148P_S173R,0.066
R74I_A101S_L148A_S173C,0.09955
